pnum,sections,sections_json,missing_filled,article,pid,gold_sections,gold_sections_json,old_location_section_norm,duplicate_pnum_in_raw_output
0,['title_abstract'],"[""title_abstract""]",False,PMC3002766,1,['title_abstract'],"[""title_abstract""]",title_abstract,False
1,['title_abstract'],"[""title_abstract""]",False,PMC3002766,2,['title_abstract'],"[""title_abstract""]",title_abstract,False
2,['title_abstract'],"[""title_abstract""]",False,PMC3002766,3,['title_abstract'],"[""title_abstract""]",title_abstract,False
3,['title_abstract'],"[""title_abstract""]",False,PMC3002766,4,['title_abstract'],"[""title_abstract""]",title_abstract,False
4,['title_abstract'],"[""title_abstract""]",False,PMC3002766,5,['title_abstract'],"[""title_abstract""]",title_abstract,False
5,['title_abstract'],"[""title_abstract""]",False,PMC3002766,6,['title_abstract'],"[""title_abstract""]",title_abstract,False
6,['title_abstract'],"[""title_abstract""]",False,PMC3002766,7,['title_abstract'],"[""title_abstract""]",title_abstract,False
7,['title_abstract'],"[""title_abstract""]",False,PMC3002766,8,['title_abstract'],"[""title_abstract""]",title_abstract,False
8,['title_abstract'],"[""title_abstract""]",False,PMC3002766,9,['title_abstract'],"[""title_abstract""]",title_abstract,False
9,['title_abstract'],"[""title_abstract""]",False,PMC3002766,10,['title_abstract'],"[""title_abstract""]",title_abstract,False
10,['title_abstract'],"[""title_abstract""]",False,PMC3002766,11,['title_abstract'],"[""title_abstract""]",title_abstract,False
11,['introduction'],"[""introduction""]",False,PMC3002766,12,['introduction'],"[""introduction""]",introduction,False
12,['introduction'],"[""introduction""]",False,PMC3002766,13,['introduction'],"[""introduction""]",introduction,False
13,['introduction'],"[""introduction""]",False,PMC3002766,14,['introduction'],"[""introduction""]",introduction,False
14,['introduction'],"[""introduction""]",False,PMC3002766,15,['introduction'],"[""introduction""]",introduction,False
15,['introduction'],"[""introduction""]",False,PMC3002766,16,['introduction'],"[""introduction""]",introduction,False
16,['introduction'],"[""introduction""]",False,PMC3002766,17,['introduction'],"[""introduction""]",introduction,False
17,['methods'],"[""methods""]",False,PMC3002766,18,['methods'],"[""methods""]",methods,False
18,['methods'],"[""methods""]",False,PMC3002766,19,['methods'],"[""methods""]",methods,False
19,['methods'],"[""methods""]",False,PMC3002766,20,['methods'],"[""methods""]",methods,False
20,['methods'],"[""methods""]",False,PMC3002766,21,['methods'],"[""methods""]",methods,False
21,['methods'],"[""methods""]",False,PMC3002766,22,"['methods', 'results']","[""methods"", ""results""]",methods,False
22,['methods'],"[""methods""]",False,PMC3002766,23,['methods'],"[""methods""]",methods,False
23,['methods'],"[""methods""]",False,PMC3002766,24,['methods'],"[""methods""]",methods,False
24,['methods'],"[""methods""]",False,PMC3002766,25,['methods'],"[""methods""]",methods,False
25,['methods'],"[""methods""]",False,PMC3002766,26,['methods'],"[""methods""]",methods,False
26,['methods'],"[""methods""]",False,PMC3002766,27,['methods'],"[""methods""]",methods,False
27,['methods'],"[""methods""]",False,PMC3002766,28,['methods'],"[""methods""]",methods,False
28,['methods'],"[""methods""]",False,PMC3002766,29,['methods'],"[""methods""]",methods,False
29,['methods'],"[""methods""]",False,PMC3002766,30,['methods'],"[""methods""]",methods,False
30,['methods'],"[""methods""]",False,PMC3002766,31,['methods'],"[""methods""]",methods,False
31,['methods'],"[""methods""]",False,PMC3002766,32,['methods'],"[""methods""]",methods,False
32,['methods'],"[""methods""]",False,PMC3002766,33,['methods'],"[""methods""]",methods,False
33,['results'],"[""results""]",False,PMC3002766,34,['results'],"[""results""]",results,False
34,['results'],"[""results""]",False,PMC3002766,35,['results'],"[""results""]",results,False
35,['results'],"[""results""]",False,PMC3002766,36,['results'],"[""results""]",results,False
36,['results'],"[""results""]",False,PMC3002766,37,['results'],"[""results""]",results,False
37,['results'],"[""results""]",False,PMC3002766,38,['results'],"[""results""]",results,False
38,['results'],"[""results""]",False,PMC3002766,39,['results'],"[""results""]",results,False
39,['results'],"[""results""]",False,PMC3002766,40,['results'],"[""results""]",results,False
40,['results'],"[""results""]",False,PMC3002766,41,['results'],"[""results""]",results,False
41,['results'],"[""results""]",False,PMC3002766,42,['results'],"[""results""]",results,False
42,['results'],"[""results""]",False,PMC3002766,43,['results'],"[""results""]",results,False
43,['results'],"[""results""]",False,PMC3002766,44,['results'],"[""results""]",results,False
44,['results'],"[""results""]",False,PMC3002766,45,['results'],"[""results""]",results,False
45,['results'],"[""results""]",False,PMC3002766,46,['results'],"[""results""]",results,False
46,['results'],"[""results""]",False,PMC3002766,47,['results'],"[""results""]",results,False
47,['results'],"[""results""]",False,PMC3002766,48,['results'],"[""results""]",results,False
48,['results'],"[""results""]",False,PMC3002766,49,['results'],"[""results""]",results,False
49,['results'],"[""results""]",False,PMC3002766,50,['results'],"[""results""]",results,False
50,['results'],"[""results""]",False,PMC3002766,51,['results'],"[""results""]",results,False
51,['results'],"[""results""]",False,PMC3002766,52,['results'],"[""results""]",results,False
52,['results'],"[""results""]",False,PMC3002766,53,['results'],"[""results""]",results,False
53,['results'],"[""results""]",False,PMC3002766,54,['results'],"[""results""]",results,False
54,['results'],"[""results""]",False,PMC3002766,55,['results'],"[""results""]",results,False
55,['results'],"[""results""]",False,PMC3002766,56,['results'],"[""results""]",results,False
56,['results'],"[""results""]",False,PMC3002766,57,['results'],"[""results""]",results,False
57,['results'],"[""results""]",False,PMC3002766,58,['results'],"[""results""]",results,False
58,['results'],"[""results""]",False,PMC3002766,59,['results'],"[""results""]",results,False
59,['results'],"[""results""]",False,PMC3002766,60,['results'],"[""results""]",results,False
60,['discussion'],"[""discussion""]",False,PMC3002766,61,['discussion'],"[""discussion""]",discussion,False
61,['discussion'],"[""discussion""]",False,PMC3002766,62,['discussion'],"[""discussion""]",discussion,False
62,['discussion'],"[""discussion""]",False,PMC3002766,63,['discussion'],"[""discussion""]",discussion,False
63,['discussion'],"[""discussion""]",False,PMC3002766,64,['discussion'],"[""discussion""]",discussion,False
64,['discussion'],"[""discussion""]",False,PMC3002766,65,['discussion'],"[""discussion""]",discussion,False
65,['discussion'],"[""discussion""]",False,PMC3002766,66,['discussion'],"[""discussion""]",discussion,False
66,['discussion'],"[""discussion""]",False,PMC3002766,67,['discussion'],"[""discussion""]",discussion,False
67,['discussion'],"[""discussion""]",False,PMC3002766,68,['discussion'],"[""discussion""]",discussion,False
68,['other_information'],"[""other_information""]",False,PMC3002766,69,['other_information'],"[""other_information""]",other_information,False
69,['other_information'],"[""other_information""]",False,PMC3002766,70,['other_information'],"[""other_information""]",other_information,False
70,['other_information'],"[""other_information""]",False,PMC3002766,71,['other_information'],"[""other_information""]",other_information,False
71,['other_information'],"[""other_information""]",False,PMC3002766,72,['other_information'],"[""other_information""]",other_information,False
72,['other_information'],"[""other_information""]",False,PMC3002766,73,['other_information'],"[""other_information""]",other_information,False
73,['other_information'],"[""other_information""]",False,PMC3002766,74,['other_information'],"[""other_information""]",other_information,False
74,['other_information'],"[""other_information""]",False,PMC3002766,75,['other_information'],"[""other_information""]",other_information,False
0,['title_abstract'],"[""title_abstract""]",False,PMC3002834,1,['title_abstract'],"[""title_abstract""]",title_abstract,False
1,['title_abstract'],"[""title_abstract""]",False,PMC3002834,2,['title_abstract'],"[""title_abstract""]",title_abstract,False
2,['title_abstract'],"[""title_abstract""]",False,PMC3002834,3,['title_abstract'],"[""title_abstract""]",title_abstract,False
3,['title_abstract'],"[""title_abstract""]",False,PMC3002834,4,['title_abstract'],"[""title_abstract""]",title_abstract,False
4,['title_abstract'],"[""title_abstract""]",False,PMC3002834,5,['title_abstract'],"[""title_abstract""]",title_abstract,False
5,['title_abstract'],"[""title_abstract""]",False,PMC3002834,6,['title_abstract'],"[""title_abstract""]",title_abstract,False
6,['title_abstract'],"[""title_abstract""]",False,PMC3002834,7,['title_abstract'],"[""title_abstract""]",title_abstract,False
7,['title_abstract'],"[""title_abstract""]",False,PMC3002834,8,['title_abstract'],"[""title_abstract""]",title_abstract,False
8,['title_abstract'],"[""title_abstract""]",False,PMC3002834,9,['methods'],"[""methods""]",title_abstract,False
9,['title_abstract'],"[""title_abstract""]",False,PMC3002834,10,['title_abstract'],"[""title_abstract""]",title_abstract,False
10,['title_abstract'],"[""title_abstract""]",False,PMC3002834,11,['title_abstract'],"[""title_abstract""]",title_abstract,False
11,['title_abstract'],"[""title_abstract""]",False,PMC3002834,12,['title_abstract'],"[""title_abstract""]",title_abstract,False
12,['title_abstract'],"[""title_abstract""]",False,PMC3002834,13,['title_abstract'],"[""title_abstract""]",title_abstract,False
13,['title_abstract'],"[""title_abstract""]",False,PMC3002834,14,['title_abstract'],"[""title_abstract""]",title_abstract,False
14,['title_abstract'],"[""title_abstract""]",False,PMC3002834,15,['title_abstract'],"[""title_abstract""]",title_abstract,False
15,['title_abstract'],"[""title_abstract""]",False,PMC3002834,16,['title_abstract'],"[""title_abstract""]",title_abstract,False
16,['title_abstract'],"[""title_abstract""]",False,PMC3002834,17,['title_abstract'],"[""title_abstract""]",title_abstract,False
17,['title_abstract'],"[""title_abstract""]",False,PMC3002834,18,['title_abstract'],"[""title_abstract""]",title_abstract,False
18,['title_abstract'],"[""title_abstract""]",False,PMC3002834,19,['title_abstract'],"[""title_abstract""]",title_abstract,False
19,['introduction'],"[""introduction""]",False,PMC3002834,20,['introduction'],"[""introduction""]",introduction,False
20,['introduction'],"[""introduction""]",False,PMC3002834,21,['introduction'],"[""introduction""]",introduction,False
21,['introduction'],"[""introduction""]",False,PMC3002834,22,['introduction'],"[""introduction""]",introduction,False
22,['introduction'],"[""introduction""]",False,PMC3002834,23,['introduction'],"[""introduction""]",introduction,False
23,['introduction'],"[""introduction""]",False,PMC3002834,24,['introduction'],"[""introduction""]",introduction,False
24,['methods'],"[""methods""]",False,PMC3002834,25,['methods'],"[""methods""]",methods,False
25,['methods'],"[""methods""]",False,PMC3002834,26,['methods'],"[""methods""]",methods,False
26,['methods'],"[""methods""]",False,PMC3002834,27,"['methods', 'other_information']","[""methods"", ""other_information""]",methods,False
27,['methods'],"[""methods""]",False,PMC3002834,28,['methods'],"[""methods""]",methods,False
28,['methods'],"[""methods""]",False,PMC3002834,29,['methods'],"[""methods""]",methods,False
29,['methods'],"[""methods""]",False,PMC3002834,30,"['methods', 'results']","[""methods"", ""results""]",methods,False
30,['methods'],"[""methods""]",False,PMC3002834,31,['methods'],"[""methods""]",methods,False
31,['methods'],"[""methods""]",False,PMC3002834,32,['methods'],"[""methods""]",methods,False
32,['methods'],"[""methods""]",False,PMC3002834,33,['methods'],"[""methods""]",methods,False
33,['methods'],"[""methods""]",False,PMC3002834,34,['methods'],"[""methods""]",methods,False
34,['methods'],"[""methods""]",False,PMC3002834,35,['methods'],"[""methods""]",methods,False
35,['methods'],"[""methods""]",False,PMC3002834,36,['methods'],"[""methods""]",methods,False
36,['methods'],"[""methods""]",False,PMC3002834,37,['methods'],"[""methods""]",methods,False
37,['methods'],"[""methods""]",False,PMC3002834,38,['methods'],"[""methods""]",methods,False
38,['methods'],"[""methods""]",False,PMC3002834,39,['methods'],"[""methods""]",methods,False
39,['methods'],"[""methods""]",False,PMC3002834,40,['methods'],"[""methods""]",methods,False
40,['results'],"[""results""]",False,PMC3002834,41,['results'],"[""results""]",results,False
41,['results'],"[""results""]",False,PMC3002834,42,['results'],"[""results""]",results,False
42,['results'],"[""results""]",False,PMC3002834,43,['results'],"[""results""]",results,False
43,['results'],"[""results""]",False,PMC3002834,44,['results'],"[""results""]",results,False
44,['results'],"[""results""]",False,PMC3002834,45,['results'],"[""results""]",results,False
45,['results'],"[""results""]",False,PMC3002834,46,['results'],"[""results""]",results,False
46,['results'],"[""results""]",False,PMC3002834,47,['results'],"[""results""]",results,False
47,['results'],"[""results""]",False,PMC3002834,48,['results'],"[""results""]",results,False
48,['results'],"[""results""]",False,PMC3002834,49,['results'],"[""results""]",results,False
49,['results'],"[""results""]",False,PMC3002834,50,['results'],"[""results""]",results,False
50,['results'],"[""results""]",False,PMC3002834,51,['results'],"[""results""]",results,False
51,['results'],"[""results""]",False,PMC3002834,52,['results'],"[""results""]",results,False
52,['results'],"[""results""]",False,PMC3002834,53,['results'],"[""results""]",results,False
53,['results'],"[""results""]",False,PMC3002834,54,['results'],"[""results""]",results,False
54,['results'],"[""results""]",False,PMC3002834,55,['results'],"[""results""]",results,False
55,['results'],"[""results""]",False,PMC3002834,56,['results'],"[""results""]",results,False
56,['results'],"[""results""]",False,PMC3002834,57,['results'],"[""results""]",results,False
57,['results'],"[""results""]",False,PMC3002834,58,['results'],"[""results""]",results,False
58,['results'],"[""results""]",False,PMC3002834,59,['results'],"[""results""]",results,False
59,['discussion'],"[""discussion""]",False,PMC3002834,60,['discussion'],"[""discussion""]",discussion,False
60,['discussion'],"[""discussion""]",False,PMC3002834,61,['discussion'],"[""discussion""]",discussion,False
61,['discussion'],"[""discussion""]",False,PMC3002834,62,['discussion'],"[""discussion""]",discussion,False
62,['discussion'],"[""discussion""]",False,PMC3002834,63,['discussion'],"[""discussion""]",discussion,False
63,['discussion'],"[""discussion""]",False,PMC3002834,64,['discussion'],"[""discussion""]",discussion,False
64,['discussion'],"[""discussion""]",False,PMC3002834,65,['discussion'],"[""discussion""]",discussion,False
65,['discussion'],"[""discussion""]",False,PMC3002834,66,['discussion'],"[""discussion""]",discussion,False
66,['other_information'],"[""other_information""]",False,PMC3002834,67,['discussion'],"[""discussion""]",discussion,False
67,['other_information'],"[""other_information""]",False,PMC3002834,68,['discussion'],"[""discussion""]",discussion,False
68,['other_information'],"[""other_information""]",False,PMC3002834,69,['other_information'],"[""other_information""]",discussion,False
69,['other_information'],"[""other_information""]",False,PMC3002834,70,['discussion'],"[""discussion""]",discussion,False
70,['other_information'],"[""other_information""]",False,PMC3002834,71,['discussion'],"[""discussion""]",discussion,False
71,['other_information'],"[""other_information""]",False,PMC3002834,72,['discussion'],"[""discussion""]",discussion,False
0,['title_abstract'],"[""title_abstract""]",False,PMC3016167,1,['title_abstract'],"[""title_abstract""]",title_abstract,False
1,['title_abstract'],"[""title_abstract""]",False,PMC3016167,2,['title_abstract'],"[""title_abstract""]",title_abstract,False
2,['title_abstract'],"[""title_abstract""]",False,PMC3016167,3,['title_abstract'],"[""title_abstract""]",title_abstract,False
3,['title_abstract'],"[""title_abstract""]",False,PMC3016167,4,['title_abstract'],"[""title_abstract""]",title_abstract,False
4,['title_abstract'],"[""title_abstract""]",False,PMC3016167,5,['title_abstract'],"[""title_abstract""]",title_abstract,False
5,['title_abstract'],"[""title_abstract""]",False,PMC3016167,6,['title_abstract'],"[""title_abstract""]",title_abstract,False
6,['title_abstract'],"[""title_abstract""]",False,PMC3016167,7,['title_abstract'],"[""title_abstract""]",title_abstract,False
7,['title_abstract'],"[""title_abstract""]",False,PMC3016167,8,['title_abstract'],"[""title_abstract""]",title_abstract,False
8,['title_abstract'],"[""title_abstract""]",False,PMC3016167,9,['title_abstract'],"[""title_abstract""]",title_abstract,False
9,['title_abstract'],"[""title_abstract""]",False,PMC3016167,10,['title_abstract'],"[""title_abstract""]",title_abstract,False
10,['title_abstract'],"[""title_abstract""]",False,PMC3016167,11,['title_abstract'],"[""title_abstract""]",title_abstract,False
11,['other_information'],"[""other_information""]",False,PMC3016167,12,['other_information'],"[""other_information""]",title_abstract,False
12,['introduction'],"[""introduction""]",False,PMC3016167,13,['introduction'],"[""introduction""]",introduction,False
13,['introduction'],"[""introduction""]",False,PMC3016167,14,['introduction'],"[""introduction""]",introduction,False
14,['introduction'],"[""introduction""]",False,PMC3016167,15,['introduction'],"[""introduction""]",introduction,False
15,['introduction'],"[""introduction""]",False,PMC3016167,16,['introduction'],"[""introduction""]",introduction,False
16,['methods'],"[""methods""]",False,PMC3016167,17,['methods'],"[""methods""]",methods,False
17,['methods'],"[""methods""]",False,PMC3016167,18,['methods'],"[""methods""]",methods,False
18,['methods'],"[""methods""]",False,PMC3016167,19,"['methods', 'results', 'other_information']","[""methods"", ""results"", ""other_information""]",methods,False
19,['methods'],"[""methods""]",False,PMC3016167,20,['methods'],"[""methods""]",methods,False
20,['methods'],"[""methods""]",False,PMC3016167,21,['methods'],"[""methods""]",methods,False
21,['methods'],"[""methods""]",False,PMC3016167,22,['methods'],"[""methods""]",methods,False
22,['methods'],"[""methods""]",False,PMC3016167,23,['methods'],"[""methods""]",methods,False
23,['methods'],"[""methods""]",False,PMC3016167,24,['methods'],"[""methods""]",methods,False
24,['methods'],"[""methods""]",False,PMC3016167,25,"['methods', 'results']","[""methods"", ""results""]",methods,False
25,['methods'],"[""methods""]",False,PMC3016167,26,['methods'],"[""methods""]",methods,False
26,['methods'],"[""methods""]",False,PMC3016167,27,['methods'],"[""methods""]",methods,False
27,['methods'],"[""methods""]",False,PMC3016167,28,"['methods', 'results']","[""methods"", ""results""]",methods,False
28,['introduction'],"[""introduction""]",False,PMC3016167,29,['methods'],"[""methods""]",methods,False
29,['methods'],"[""methods""]",False,PMC3016167,30,['methods'],"[""methods""]",methods,False
30,['methods'],"[""methods""]",False,PMC3016167,31,['methods'],"[""methods""]",methods,False
31,"['methods', 'other_information']","[""methods"", ""other_information""]",False,PMC3016167,32,['methods'],"[""methods""]",methods,False
32,['methods'],"[""methods""]",False,PMC3016167,33,['methods'],"[""methods""]",methods,False
33,['methods'],"[""methods""]",False,PMC3016167,34,['methods'],"[""methods""]",methods,False
34,['methods'],"[""methods""]",False,PMC3016167,35,['methods'],"[""methods""]",methods,False
35,['methods'],"[""methods""]",False,PMC3016167,36,['methods'],"[""methods""]",methods,False
36,['methods'],"[""methods""]",False,PMC3016167,37,['methods'],"[""methods""]",methods,False
37,['methods'],"[""methods""]",False,PMC3016167,38,['methods'],"[""methods""]",methods,False
38,['methods'],"[""methods""]",False,PMC3016167,39,['methods'],"[""methods""]",methods,False
39,['methods'],"[""methods""]",False,PMC3016167,40,['methods'],"[""methods""]",methods,False
40,['methods'],"[""methods""]",False,PMC3016167,41,['methods'],"[""methods""]",methods,False
41,['methods'],"[""methods""]",False,PMC3016167,42,['methods'],"[""methods""]",methods,False
42,['methods'],"[""methods""]",False,PMC3016167,43,['methods'],"[""methods""]",methods,False
43,['methods'],"[""methods""]",False,PMC3016167,44,['methods'],"[""methods""]",methods,False
44,['methods'],"[""methods""]",False,PMC3016167,45,['methods'],"[""methods""]",methods,False
45,['methods'],"[""methods""]",False,PMC3016167,46,['methods'],"[""methods""]",methods,False
46,['methods'],"[""methods""]",False,PMC3016167,47,['methods'],"[""methods""]",methods,False
47,['methods'],"[""methods""]",False,PMC3016167,48,['methods'],"[""methods""]",methods,False
48,['results'],"[""results""]",False,PMC3016167,49,['results'],"[""results""]",results,False
49,['results'],"[""results""]",False,PMC3016167,50,['results'],"[""results""]",results,False
50,['results'],"[""results""]",False,PMC3016167,51,['results'],"[""results""]",results,False
51,['results'],"[""results""]",False,PMC3016167,52,['results'],"[""results""]",results,False
52,['results'],"[""results""]",False,PMC3016167,53,['results'],"[""results""]",results,False
53,['results'],"[""results""]",False,PMC3016167,54,['results'],"[""results""]",results,False
54,['results'],"[""results""]",False,PMC3016167,55,['results'],"[""results""]",results,False
55,['results'],"[""results""]",False,PMC3016167,56,['results'],"[""results""]",results,False
56,['results'],"[""results""]",False,PMC3016167,57,['results'],"[""results""]",results,False
57,['results'],"[""results""]",False,PMC3016167,58,['results'],"[""results""]",results,False
58,['results'],"[""results""]",False,PMC3016167,59,['results'],"[""results""]",results,False
59,['results'],"[""results""]",False,PMC3016167,60,['results'],"[""results""]",results,False
60,['results'],"[""results""]",False,PMC3016167,61,['results'],"[""results""]",results,False
61,['results'],"[""results""]",False,PMC3016167,62,['results'],"[""results""]",results,False
62,['results'],"[""results""]",False,PMC3016167,63,['results'],"[""results""]",results,False
63,['results'],"[""results""]",False,PMC3016167,64,['results'],"[""results""]",results,False
64,['discussion'],"[""discussion""]",False,PMC3016167,65,['discussion'],"[""discussion""]",discussion,False
65,['discussion'],"[""discussion""]",False,PMC3016167,66,['discussion'],"[""discussion""]",discussion,False
66,['discussion'],"[""discussion""]",False,PMC3016167,67,['discussion'],"[""discussion""]",discussion,False
67,['discussion'],"[""discussion""]",False,PMC3016167,68,['discussion'],"[""discussion""]",discussion,False
68,['discussion'],"[""discussion""]",False,PMC3016167,69,['discussion'],"[""discussion""]",discussion,False
69,['discussion'],"[""discussion""]",False,PMC3016167,70,['discussion'],"[""discussion""]",discussion,False
70,['discussion'],"[""discussion""]",False,PMC3016167,71,['discussion'],"[""discussion""]",discussion,False
71,['discussion'],"[""discussion""]",False,PMC3016167,72,['discussion'],"[""discussion""]",discussion,False
72,['discussion'],"[""discussion""]",False,PMC3016167,73,"['methods', 'discussion']","[""methods"", ""discussion""]",discussion,False
73,['discussion'],"[""discussion""]",False,PMC3016167,74,['discussion'],"[""discussion""]",discussion,False
74,['discussion'],"[""discussion""]",False,PMC3016167,75,['discussion'],"[""discussion""]",discussion,False
75,['discussion'],"[""discussion""]",False,PMC3016167,76,['discussion'],"[""discussion""]",discussion,False
76,['discussion'],"[""discussion""]",False,PMC3016167,77,['discussion'],"[""discussion""]",discussion,False
77,['discussion'],"[""discussion""]",False,PMC3016167,78,['discussion'],"[""discussion""]",discussion,False
78,['discussion'],"[""discussion""]",False,PMC3016167,79,['discussion'],"[""discussion""]",discussion,False
79,['discussion'],"[""discussion""]",False,PMC3016167,80,['discussion'],"[""discussion""]",discussion,False
80,['discussion'],"[""discussion""]",False,PMC3016167,81,['discussion'],"[""discussion""]",discussion,False
81,['discussion'],"[""discussion""]",False,PMC3016167,82,['discussion'],"[""discussion""]",discussion,False
82,['discussion'],"[""discussion""]",False,PMC3016167,83,['discussion'],"[""discussion""]",discussion,False
83,['discussion'],"[""discussion""]",False,PMC3016167,84,['discussion'],"[""discussion""]",discussion,False
84,['discussion'],"[""discussion""]",False,PMC3016167,85,['discussion'],"[""discussion""]",discussion,False
85,['other_information'],"[""other_information""]",False,PMC3016167,86,['other_information'],"[""other_information""]",other_information,False
86,['other_information'],"[""other_information""]",False,PMC3016167,87,['other_information'],"[""other_information""]",other_information,False
87,['other_information'],"[""other_information""]",False,PMC3016167,88,['other_information'],"[""other_information""]",other_information,False
88,['other_information'],"[""other_information""]",False,PMC3016167,89,['other_information'],"[""other_information""]",other_information,False
89,['other_information'],"[""other_information""]",False,PMC3016167,90,['other_information'],"[""other_information""]",other_information,False
90,['other_information'],"[""other_information""]",False,PMC3016167,91,['other_information'],"[""other_information""]",other_information,False
91,['other_information'],"[""other_information""]",False,PMC3016167,92,['other_information'],"[""other_information""]",other_information,False
0,['title_abstract'],"[""title_abstract""]",False,PMC3018567,1,['title_abstract'],"[""title_abstract""]",title_abstract,False
1,['title_abstract'],"[""title_abstract""]",False,PMC3018567,2,['title_abstract'],"[""title_abstract""]",title_abstract,False
2,['title_abstract'],"[""title_abstract""]",False,PMC3018567,3,['title_abstract'],"[""title_abstract""]",title_abstract,False
3,['title_abstract'],"[""title_abstract""]",False,PMC3018567,4,['title_abstract'],"[""title_abstract""]",title_abstract,False
4,['title_abstract'],"[""title_abstract""]",False,PMC3018567,5,['title_abstract'],"[""title_abstract""]",title_abstract,False
5,['title_abstract'],"[""title_abstract""]",False,PMC3018567,6,['title_abstract'],"[""title_abstract""]",title_abstract,False
6,['title_abstract'],"[""title_abstract""]",False,PMC3018567,7,['other_information'],"[""other_information""]",title_abstract,False
7,['title_abstract'],"[""title_abstract""]",False,PMC3018567,8,['title_abstract'],"[""title_abstract""]",title_abstract,False
8,['title_abstract'],"[""title_abstract""]",False,PMC3018567,9,['title_abstract'],"[""title_abstract""]",title_abstract,False
9,['title_abstract'],"[""title_abstract""]",False,PMC3018567,10,['title_abstract'],"[""title_abstract""]",title_abstract,False
10,['title_abstract'],"[""title_abstract""]",False,PMC3018567,11,['title_abstract'],"[""title_abstract""]",title_abstract,False
11,['title_abstract'],"[""title_abstract""]",False,PMC3018567,12,['other_information'],"[""other_information""]",other_information,False
12,['title_abstract'],"[""title_abstract""]",False,PMC3018567,13,['other_information'],"[""other_information""]",other_information,False
13,['introduction'],"[""introduction""]",False,PMC3018567,14,['introduction'],"[""introduction""]",introduction,False
14,['introduction'],"[""introduction""]",False,PMC3018567,15,['introduction'],"[""introduction""]",introduction,False
15,['introduction'],"[""introduction""]",False,PMC3018567,16,['introduction'],"[""introduction""]",introduction,False
16,['introduction'],"[""introduction""]",False,PMC3018567,17,['introduction'],"[""introduction""]",introduction,False
17,['methods'],"[""methods""]",False,PMC3018567,18,['methods'],"[""methods""]",methods,False
18,['methods'],"[""methods""]",False,PMC3018567,19,['methods'],"[""methods""]",methods,False
19,['methods'],"[""methods""]",False,PMC3018567,20,"['methods', 'results']","[""methods"", ""results""]",methods,False
20,['other_information'],"[""other_information""]",False,PMC3018567,21,['methods'],"[""methods""]",methods,False
21,['methods'],"[""methods""]",False,PMC3018567,22,['methods'],"[""methods""]",methods,False
22,['methods'],"[""methods""]",False,PMC3018567,23,['methods'],"[""methods""]",methods,False
23,['methods'],"[""methods""]",False,PMC3018567,24,['methods'],"[""methods""]",methods,False
24,['methods'],"[""methods""]",False,PMC3018567,25,['methods'],"[""methods""]",methods,False
25,['methods'],"[""methods""]",False,PMC3018567,26,['methods'],"[""methods""]",methods,False
26,['methods'],"[""methods""]",False,PMC3018567,27,['methods'],"[""methods""]",methods,False
27,['methods'],"[""methods""]",False,PMC3018567,28,['methods'],"[""methods""]",methods,False
28,['methods'],"[""methods""]",False,PMC3018567,29,['methods'],"[""methods""]",methods,False
29,['methods'],"[""methods""]",False,PMC3018567,30,['methods'],"[""methods""]",methods,False
30,['methods'],"[""methods""]",False,PMC3018567,31,['methods'],"[""methods""]",methods,False
31,['methods'],"[""methods""]",False,PMC3018567,32,['methods'],"[""methods""]",methods,False
32,['methods'],"[""methods""]",False,PMC3018567,33,['methods'],"[""methods""]",methods,False
33,['methods'],"[""methods""]",False,PMC3018567,34,['methods'],"[""methods""]",methods,False
34,['methods'],"[""methods""]",False,PMC3018567,35,['methods'],"[""methods""]",methods,False
35,['methods'],"[""methods""]",False,PMC3018567,36,['methods'],"[""methods""]",methods,False
36,['methods'],"[""methods""]",False,PMC3018567,37,['methods'],"[""methods""]",methods,False
37,['methods'],"[""methods""]",False,PMC3018567,38,['methods'],"[""methods""]",methods,False
38,['methods'],"[""methods""]",False,PMC3018567,39,['methods'],"[""methods""]",methods,False
39,['methods'],"[""methods""]",False,PMC3018567,40,['methods'],"[""methods""]",methods,False
40,['other_information'],"[""other_information""]",False,PMC3018567,41,['methods'],"[""methods""]",methods,False
41,['other_information'],"[""other_information""]",False,PMC3018567,42,['methods'],"[""methods""]",methods,False
42,['results'],"[""results""]",False,PMC3018567,43,['results'],"[""results""]",results,False
43,['results'],"[""results""]",False,PMC3018567,44,['results'],"[""results""]",results,False
44,['results'],"[""results""]",False,PMC3018567,45,['results'],"[""results""]",results,False
45,['results'],"[""results""]",False,PMC3018567,46,['results'],"[""results""]",results,False
46,['results'],"[""results""]",False,PMC3018567,47,['results'],"[""results""]",results,False
47,['results'],"[""results""]",False,PMC3018567,48,['results'],"[""results""]",results,False
48,['results'],"[""results""]",False,PMC3018567,49,['results'],"[""results""]",results,False
49,['results'],"[""results""]",False,PMC3018567,50,['results'],"[""results""]",results,False
50,['results'],"[""results""]",False,PMC3018567,51,['results'],"[""results""]",results,False
51,['results'],"[""results""]",False,PMC3018567,52,['results'],"[""results""]",results,False
52,['results'],"[""results""]",False,PMC3018567,53,['results'],"[""results""]",results,False
53,['results'],"[""results""]",False,PMC3018567,54,['results'],"[""results""]",results,False
54,['results'],"[""results""]",False,PMC3018567,55,['results'],"[""results""]",results,False
55,['results'],"[""results""]",False,PMC3018567,56,['results'],"[""results""]",results,False
56,['results'],"[""results""]",False,PMC3018567,57,['results'],"[""results""]",results,False
57,['results'],"[""results""]",False,PMC3018567,58,['results'],"[""results""]",results,False
58,['results'],"[""results""]",False,PMC3018567,59,['results'],"[""results""]",results,False
59,['results'],"[""results""]",False,PMC3018567,60,['results'],"[""results""]",results,False
60,['discussion'],"[""discussion""]",False,PMC3018567,61,['discussion'],"[""discussion""]",discussion,False
61,['discussion'],"[""discussion""]",False,PMC3018567,62,['discussion'],"[""discussion""]",discussion,False
62,['discussion'],"[""discussion""]",False,PMC3018567,63,['discussion'],"[""discussion""]",discussion,False
63,['discussion'],"[""discussion""]",False,PMC3018567,64,['discussion'],"[""discussion""]",discussion,False
64,['discussion'],"[""discussion""]",False,PMC3018567,65,['discussion'],"[""discussion""]",discussion,False
65,['discussion'],"[""discussion""]",False,PMC3018567,66,['discussion'],"[""discussion""]",discussion,False
66,['discussion'],"[""discussion""]",False,PMC3018567,67,['discussion'],"[""discussion""]",discussion,False
67,['discussion'],"[""discussion""]",False,PMC3018567,68,['discussion'],"[""discussion""]",discussion,False
68,['discussion'],"[""discussion""]",False,PMC3018567,69,['discussion'],"[""discussion""]",discussion,False
69,['discussion'],"[""discussion""]",False,PMC3018567,70,['discussion'],"[""discussion""]",discussion,False
70,['discussion'],"[""discussion""]",False,PMC3018567,71,['discussion'],"[""discussion""]",discussion,False
71,['other_information'],"[""other_information""]",False,PMC3018567,72,['discussion'],"[""discussion""]",discussion,False
72,['other_information'],"[""other_information""]",False,PMC3018567,73,['discussion'],"[""discussion""]",discussion,False
73,['other_information'],"[""other_information""]",False,PMC3018567,74,['discussion'],"[""discussion""]",discussion,False
74,['other_information'],"[""other_information""]",False,PMC3018567,75,['discussion'],"[""discussion""]",discussion,False
75,['other_information'],"[""other_information""]",False,PMC3018567,76,['other_information'],"[""other_information""]",discussion,False
76,['other_information'],"[""other_information""]",False,PMC3018567,77,['discussion'],"[""discussion""]",discussion,False
77,['other_information'],"[""other_information""]",False,PMC3018567,78,['discussion'],"[""discussion""]",discussion,False
78,['other_information'],"[""other_information""]",False,PMC3018567,79,['discussion'],"[""discussion""]",discussion,False
79,['other_information'],"[""other_information""]",False,PMC3018567,80,['discussion'],"[""discussion""]",discussion,False
0,['title_abstract'],"[""title_abstract""]",False,PMC3028347,1,['title_abstract'],"[""title_abstract""]",title_abstract,False
1,['title_abstract'],"[""title_abstract""]",False,PMC3028347,2,['title_abstract'],"[""title_abstract""]",title_abstract,False
2,['title_abstract'],"[""title_abstract""]",False,PMC3028347,3,['title_abstract'],"[""title_abstract""]",title_abstract,False
3,['title_abstract'],"[""title_abstract""]",False,PMC3028347,4,['title_abstract'],"[""title_abstract""]",title_abstract,False
4,['title_abstract'],"[""title_abstract""]",False,PMC3028347,5,['title_abstract'],"[""title_abstract""]",title_abstract,False
5,['title_abstract'],"[""title_abstract""]",False,PMC3028347,6,['title_abstract'],"[""title_abstract""]",title_abstract,False
6,['title_abstract'],"[""title_abstract""]",False,PMC3028347,7,['title_abstract'],"[""title_abstract""]",title_abstract,False
7,['title_abstract'],"[""title_abstract""]",False,PMC3028347,8,['title_abstract'],"[""title_abstract""]",title_abstract,False
8,['title_abstract'],"[""title_abstract""]",False,PMC3028347,9,['title_abstract'],"[""title_abstract""]",title_abstract,False
9,['title_abstract'],"[""title_abstract""]",False,PMC3028347,10,['title_abstract'],"[""title_abstract""]",title_abstract,False
10,['title_abstract'],"[""title_abstract""]",False,PMC3028347,11,['title_abstract'],"[""title_abstract""]",title_abstract,False
11,['introduction'],"[""introduction""]",False,PMC3028347,12,['introduction'],"[""introduction""]",introduction,False
12,['introduction'],"[""introduction""]",False,PMC3028347,13,['introduction'],"[""introduction""]",introduction,False
13,['introduction'],"[""introduction""]",False,PMC3028347,14,['introduction'],"[""introduction""]",introduction,False
14,['introduction'],"[""introduction""]",False,PMC3028347,15,['introduction'],"[""introduction""]",introduction,False
15,['methods'],"[""methods""]",False,PMC3028347,16,['methods'],"[""methods""]",methods,False
16,['methods'],"[""methods""]",False,PMC3028347,17,['methods'],"[""methods""]",methods,False
17,['methods'],"[""methods""]",False,PMC3028347,18,['methods'],"[""methods""]",methods,False
18,['methods'],"[""methods""]",False,PMC3028347,19,['methods'],"[""methods""]",methods,False
19,['methods'],"[""methods""]",False,PMC3028347,20,"['methods', 'results']","[""methods"", ""results""]",methods,False
20,['methods'],"[""methods""]",False,PMC3028347,21,['methods'],"[""methods""]",methods,False
21,['methods'],"[""methods""]",False,PMC3028347,22,['methods'],"[""methods""]",methods,False
22,['methods'],"[""methods""]",False,PMC3028347,23,['methods'],"[""methods""]",methods,False
23,['results'],"[""results""]",False,PMC3028347,24,['results'],"[""results""]",methods,False
24,['methods'],"[""methods""]",False,PMC3028347,25,['methods'],"[""methods""]",methods,False
25,['methods'],"[""methods""]",False,PMC3028347,26,['methods'],"[""methods""]",methods,False
26,['methods'],"[""methods""]",False,PMC3028347,27,['methods'],"[""methods""]",methods,False
27,['methods'],"[""methods""]",False,PMC3028347,28,['methods'],"[""methods""]",methods,False
28,['methods'],"[""methods""]",False,PMC3028347,29,['methods'],"[""methods""]",methods,False
29,['methods'],"[""methods""]",False,PMC3028347,30,['methods'],"[""methods""]",methods,False
30,['methods'],"[""methods""]",False,PMC3028347,31,['methods'],"[""methods""]",methods,False
31,['methods'],"[""methods""]",False,PMC3028347,32,['methods'],"[""methods""]",methods,False
32,['methods'],"[""methods""]",False,PMC3028347,33,['methods'],"[""methods""]",methods,False
33,['methods'],"[""methods""]",False,PMC3028347,34,['methods'],"[""methods""]",methods,False
34,['other_information'],"[""other_information""]",False,PMC3028347,35,['methods'],"[""methods""]",methods,False
35,['other_information'],"[""other_information""]",False,PMC3028347,36,['methods'],"[""methods""]",methods,False
36,['results'],"[""results""]",False,PMC3028347,37,['results'],"[""results""]",results,False
37,['results'],"[""results""]",False,PMC3028347,38,['results'],"[""results""]",results,False
38,['results'],"[""results""]",False,PMC3028347,39,['results'],"[""results""]",results,False
39,['results'],"[""results""]",False,PMC3028347,40,['results'],"[""results""]",results,False
40,['results'],"[""results""]",False,PMC3028347,41,['results'],"[""results""]",results,False
41,['results'],"[""results""]",False,PMC3028347,42,['results'],"[""results""]",results,False
42,['results'],"[""results""]",False,PMC3028347,43,['results'],"[""results""]",results,False
43,['results'],"[""results""]",False,PMC3028347,44,['results'],"[""results""]",results,False
44,['results'],"[""results""]",False,PMC3028347,45,['results'],"[""results""]",results,False
45,['results'],"[""results""]",False,PMC3028347,46,['results'],"[""results""]",results,False
46,['results'],"[""results""]",False,PMC3028347,47,['results'],"[""results""]",results,False
47,['results'],"[""results""]",False,PMC3028347,48,['other_information'],"[""other_information""]",results,False
48,['results'],"[""results""]",False,PMC3028347,49,['results'],"[""results""]",results,False
49,['results'],"[""results""]",False,PMC3028347,50,['results'],"[""results""]",results,False
50,['results'],"[""results""]",False,PMC3028347,51,['results'],"[""results""]",results,False
51,['discussion'],"[""discussion""]",False,PMC3028347,52,['discussion'],"[""discussion""]",discussion,False
52,['discussion'],"[""discussion""]",False,PMC3028347,53,['discussion'],"[""discussion""]",discussion,False
53,['discussion'],"[""discussion""]",False,PMC3028347,54,['discussion'],"[""discussion""]",discussion,False
54,['discussion'],"[""discussion""]",False,PMC3028347,55,['discussion'],"[""discussion""]",discussion,False
55,['discussion'],"[""discussion""]",False,PMC3028347,56,['discussion'],"[""discussion""]",discussion,False
56,['discussion'],"[""discussion""]",False,PMC3028347,57,['discussion'],"[""discussion""]",discussion,False
57,['other_information'],"[""other_information""]",False,PMC3028347,58,['discussion'],"[""discussion""]",discussion,False
58,['other_information'],"[""other_information""]",False,PMC3028347,59,['other_information'],"[""other_information""]",discussion,False
59,['other_information'],"[""other_information""]",False,PMC3028347,60,['discussion'],"[""discussion""]",discussion,False
60,['other_information'],"[""other_information""]",False,PMC3028347,61,['other_information'],"[""other_information""]",discussion,False
0,['title_abstract'],"[""title_abstract""]",False,PMC3036630,1,['title_abstract'],"[""title_abstract""]",title_abstract,False
1,['title_abstract'],"[""title_abstract""]",False,PMC3036630,2,['title_abstract'],"[""title_abstract""]",title_abstract,False
2,['title_abstract'],"[""title_abstract""]",False,PMC3036630,3,['title_abstract'],"[""title_abstract""]",title_abstract,False
3,['title_abstract'],"[""title_abstract""]",False,PMC3036630,4,['title_abstract'],"[""title_abstract""]",title_abstract,False
4,['title_abstract'],"[""title_abstract""]",False,PMC3036630,5,['title_abstract'],"[""title_abstract""]",title_abstract,False
5,['title_abstract'],"[""title_abstract""]",False,PMC3036630,6,['title_abstract'],"[""title_abstract""]",title_abstract,False
6,['title_abstract'],"[""title_abstract""]",False,PMC3036630,7,['title_abstract'],"[""title_abstract""]",title_abstract,False
7,['title_abstract'],"[""title_abstract""]",False,PMC3036630,8,['title_abstract'],"[""title_abstract""]",title_abstract,False
8,['title_abstract'],"[""title_abstract""]",False,PMC3036630,9,['title_abstract'],"[""title_abstract""]",title_abstract,False
9,['title_abstract'],"[""title_abstract""]",False,PMC3036630,10,['title_abstract'],"[""title_abstract""]",title_abstract,False
10,['title_abstract'],"[""title_abstract""]",False,PMC3036630,11,['title_abstract'],"[""title_abstract""]",title_abstract,False
11,['other_information'],"[""other_information""]",False,PMC3036630,12,['title_abstract'],"[""title_abstract""]",title_abstract,False
12,['other_information'],"[""other_information""]",False,PMC3036630,13,['other_information'],"[""other_information""]",title_abstract,False
13,['introduction'],"[""introduction""]",False,PMC3036630,14,['introduction'],"[""introduction""]",introduction,False
14,['introduction'],"[""introduction""]",False,PMC3036630,15,['introduction'],"[""introduction""]",introduction,False
15,['introduction'],"[""introduction""]",False,PMC3036630,16,['introduction'],"[""introduction""]",introduction,False
16,['introduction'],"[""introduction""]",False,PMC3036630,17,['introduction'],"[""introduction""]",introduction,False
17,['introduction'],"[""introduction""]",False,PMC3036630,18,['introduction'],"[""introduction""]",introduction,False
18,['methods'],"[""methods""]",False,PMC3036630,19,['methods'],"[""methods""]",methods,False
19,['methods'],"[""methods""]",False,PMC3036630,20,['methods'],"[""methods""]",methods,False
20,['methods'],"[""methods""]",False,PMC3036630,21,['methods'],"[""methods""]",methods,False
21,['other_information'],"[""other_information""]",False,PMC3036630,22,['other_information'],"[""other_information""]",methods,False
22,['methods'],"[""methods""]",False,PMC3036630,23,['methods'],"[""methods""]",methods,False
23,['methods'],"[""methods""]",False,PMC3036630,24,['methods'],"[""methods""]",methods,False
24,['methods'],"[""methods""]",False,PMC3036630,25,['results'],"[""results""]",methods,False
25,['methods'],"[""methods""]",False,PMC3036630,26,['methods'],"[""methods""]",methods,False
26,['methods'],"[""methods""]",False,PMC3036630,27,['methods'],"[""methods""]",methods,False
27,['methods'],"[""methods""]",False,PMC3036630,28,['methods'],"[""methods""]",methods,False
28,['methods'],"[""methods""]",False,PMC3036630,29,['methods'],"[""methods""]",methods,False
29,['methods'],"[""methods""]",False,PMC3036630,30,['methods'],"[""methods""]",methods,False
30,['methods'],"[""methods""]",False,PMC3036630,31,['methods'],"[""methods""]",methods,False
31,['methods'],"[""methods""]",False,PMC3036630,32,['methods'],"[""methods""]",methods,False
32,['methods'],"[""methods""]",False,PMC3036630,33,['methods'],"[""methods""]",methods,False
33,['methods'],"[""methods""]",False,PMC3036630,34,['methods'],"[""methods""]",methods,False
34,['methods'],"[""methods""]",False,PMC3036630,35,['methods'],"[""methods""]",methods,False
35,['methods'],"[""methods""]",False,PMC3036630,36,['methods'],"[""methods""]",methods,False
36,['methods'],"[""methods""]",False,PMC3036630,37,['methods'],"[""methods""]",methods,False
37,['methods'],"[""methods""]",False,PMC3036630,38,['methods'],"[""methods""]",methods,False
38,['methods'],"[""methods""]",False,PMC3036630,39,['methods'],"[""methods""]",methods,False
39,['methods'],"[""methods""]",False,PMC3036630,40,['methods'],"[""methods""]",methods,False
40,['methods'],"[""methods""]",False,PMC3036630,41,['methods'],"[""methods""]",methods,False
41,['methods'],"[""methods""]",False,PMC3036630,42,['methods'],"[""methods""]",methods,False
42,['methods'],"[""methods""]",False,PMC3036630,43,['methods'],"[""methods""]",methods,False
43,['results'],"[""results""]",False,PMC3036630,44,['results'],"[""results""]",results,False
44,['results'],"[""results""]",False,PMC3036630,45,['results'],"[""results""]",results,False
45,['results'],"[""results""]",False,PMC3036630,46,['results'],"[""results""]",results,False
46,['results'],"[""results""]",False,PMC3036630,47,['results'],"[""results""]",results,False
47,['results'],"[""results""]",False,PMC3036630,48,['results'],"[""results""]",results,False
48,['results'],"[""results""]",False,PMC3036630,49,['results'],"[""results""]",results,False
49,['results'],"[""results""]",False,PMC3036630,50,['results'],"[""results""]",results,False
50,['results'],"[""results""]",False,PMC3036630,51,['results'],"[""results""]",results,False
51,['results'],"[""results""]",False,PMC3036630,52,['results'],"[""results""]",results,False
52,['results'],"[""results""]",False,PMC3036630,53,['results'],"[""results""]",results,False
53,['results'],"[""results""]",False,PMC3036630,54,['results'],"[""results""]",results,False
54,['results'],"[""results""]",False,PMC3036630,55,['results'],"[""results""]",results,False
55,['results'],"[""results""]",False,PMC3036630,56,['results'],"[""results""]",results,False
56,['results'],"[""results""]",False,PMC3036630,57,['results'],"[""results""]",results,False
57,['results'],"[""results""]",False,PMC3036630,58,['results'],"[""results""]",results,False
58,['results'],"[""results""]",False,PMC3036630,59,['results'],"[""results""]",results,False
59,['discussion'],"[""discussion""]",False,PMC3036630,60,['discussion'],"[""discussion""]",discussion,False
60,['discussion'],"[""discussion""]",False,PMC3036630,61,['discussion'],"[""discussion""]",discussion,False
61,['discussion'],"[""discussion""]",False,PMC3036630,62,['discussion'],"[""discussion""]",discussion,False
62,['discussion'],"[""discussion""]",False,PMC3036630,63,['discussion'],"[""discussion""]",discussion,False
63,['discussion'],"[""discussion""]",False,PMC3036630,64,['discussion'],"[""discussion""]",discussion,False
64,['discussion'],"[""discussion""]",False,PMC3036630,65,['discussion'],"[""discussion""]",discussion,False
65,['discussion'],"[""discussion""]",False,PMC3036630,66,['discussion'],"[""discussion""]",discussion,False
66,['discussion'],"[""discussion""]",False,PMC3036630,67,['discussion'],"[""discussion""]",discussion,False
67,['discussion'],"[""discussion""]",False,PMC3036630,68,['discussion'],"[""discussion""]",discussion,False
68,['discussion'],"[""discussion""]",False,PMC3036630,69,['discussion'],"[""discussion""]",discussion,False
69,['other_information'],"[""other_information""]",False,PMC3036630,70,['discussion'],"[""discussion""]",discussion,False
70,['other_information'],"[""other_information""]",False,PMC3036630,71,['discussion'],"[""discussion""]",discussion,False
71,['other_information'],"[""other_information""]",False,PMC3036630,72,['discussion'],"[""discussion""]",discussion,False
72,['other_information'],"[""other_information""]",False,PMC3036630,73,['discussion'],"[""discussion""]",discussion,False
73,['other_information'],"[""other_information""]",False,PMC3036630,74,['discussion'],"[""discussion""]",discussion,False
74,['other_information'],"[""other_information""]",False,PMC3036630,75,['discussion'],"[""discussion""]",discussion,False
75,['other_information'],"[""other_information""]",False,PMC3036630,76,['discussion'],"[""discussion""]",discussion,False
76,['other_information'],"[""other_information""]",False,PMC3036630,77,['other_information'],"[""other_information""]",other_information,False
77,['other_information'],"[""other_information""]",False,PMC3036630,78,['other_information'],"[""other_information""]",other_information,False
0,['title_abstract'],"[""title_abstract""]",False,PMC3070271,1,['title_abstract'],"[""title_abstract""]",title_abstract,False
1,['title_abstract'],"[""title_abstract""]",False,PMC3070271,2,['title_abstract'],"[""title_abstract""]",title_abstract,False
2,['title_abstract'],"[""title_abstract""]",False,PMC3070271,3,['title_abstract'],"[""title_abstract""]",title_abstract,False
3,['title_abstract'],"[""title_abstract""]",False,PMC3070271,4,['title_abstract'],"[""title_abstract""]",title_abstract,False
4,['title_abstract'],"[""title_abstract""]",False,PMC3070271,5,['title_abstract'],"[""title_abstract""]",title_abstract,False
5,['title_abstract'],"[""title_abstract""]",False,PMC3070271,6,['title_abstract'],"[""title_abstract""]",title_abstract,False
6,['title_abstract'],"[""title_abstract""]",False,PMC3070271,7,['title_abstract'],"[""title_abstract""]",title_abstract,False
7,['title_abstract'],"[""title_abstract""]",False,PMC3070271,8,['title_abstract'],"[""title_abstract""]",title_abstract,False
8,['title_abstract'],"[""title_abstract""]",False,PMC3070271,9,['title_abstract'],"[""title_abstract""]",title_abstract,False
9,['title_abstract'],"[""title_abstract""]",False,PMC3070271,10,['title_abstract'],"[""title_abstract""]",title_abstract,False
10,['title_abstract'],"[""title_abstract""]",False,PMC3070271,11,['title_abstract'],"[""title_abstract""]",title_abstract,False
11,"['title_abstract', 'other_information']","[""title_abstract"", ""other_information""]",False,PMC3070271,12,['other_information'],"[""other_information""]",title_abstract,False
12,['introduction'],"[""introduction""]",False,PMC3070271,13,['introduction'],"[""introduction""]",introduction,False
13,['introduction'],"[""introduction""]",False,PMC3070271,14,['introduction'],"[""introduction""]",introduction,False
14,['introduction'],"[""introduction""]",False,PMC3070271,15,['introduction'],"[""introduction""]",introduction,False
15,['introduction'],"[""introduction""]",False,PMC3070271,16,['introduction'],"[""introduction""]",introduction,False
16,['methods'],"[""methods""]",False,PMC3070271,17,['methods'],"[""methods""]",methods,False
17,['methods'],"[""methods""]",False,PMC3070271,18,['methods'],"[""methods""]",methods,False
18,['methods'],"[""methods""]",False,PMC3070271,19,['methods'],"[""methods""]",methods,False
19,['methods'],"[""methods""]",False,PMC3070271,20,['methods'],"[""methods""]",methods,False
20,['methods'],"[""methods""]",False,PMC3070271,21,['methods'],"[""methods""]",methods,False
21,['methods'],"[""methods""]",False,PMC3070271,22,['methods'],"[""methods""]",methods,False
22,['methods'],"[""methods""]",False,PMC3070271,23,['methods'],"[""methods""]",methods,False
23,['methods'],"[""methods""]",False,PMC3070271,24,['methods'],"[""methods""]",methods,False
24,['methods'],"[""methods""]",False,PMC3070271,25,['methods'],"[""methods""]",methods,False
25,['methods'],"[""methods""]",False,PMC3070271,26,['methods'],"[""methods""]",methods,False
26,['methods'],"[""methods""]",False,PMC3070271,27,['methods'],"[""methods""]",methods,False
27,['methods'],"[""methods""]",False,PMC3070271,28,['methods'],"[""methods""]",methods,False
28,['methods'],"[""methods""]",False,PMC3070271,29,['methods'],"[""methods""]",methods,False
29,['methods'],"[""methods""]",False,PMC3070271,30,['methods'],"[""methods""]",methods,False
30,['methods'],"[""methods""]",False,PMC3070271,31,['methods'],"[""methods""]",methods,False
31,['methods'],"[""methods""]",False,PMC3070271,32,['methods'],"[""methods""]",methods,False
32,['methods'],"[""methods""]",False,PMC3070271,33,['methods'],"[""methods""]",methods,False
33,['methods'],"[""methods""]",False,PMC3070271,34,['methods'],"[""methods""]",methods,False
34,['methods'],"[""methods""]",False,PMC3070271,35,['methods'],"[""methods""]",methods,False
35,['methods'],"[""methods""]",False,PMC3070271,36,"['methods', 'other_information']","[""methods"", ""other_information""]",methods,False
36,['methods'],"[""methods""]",False,PMC3070271,37,['methods'],"[""methods""]",methods,False
37,['methods'],"[""methods""]",False,PMC3070271,38,['methods'],"[""methods""]",methods,False
38,['methods'],"[""methods""]",False,PMC3070271,39,['methods'],"[""methods""]",methods,False
39,['results'],"[""results""]",False,PMC3070271,40,['results'],"[""results""]",results,False
40,['results'],"[""results""]",False,PMC3070271,41,['results'],"[""results""]",results,False
41,['results'],"[""results""]",False,PMC3070271,42,['results'],"[""results""]",results,False
42,['results'],"[""results""]",False,PMC3070271,43,['results'],"[""results""]",results,False
43,['results'],"[""results""]",False,PMC3070271,44,['results'],"[""results""]",results,False
44,['results'],"[""results""]",False,PMC3070271,45,['results'],"[""results""]",results,False
45,['results'],"[""results""]",False,PMC3070271,46,['results'],"[""results""]",results,False
46,['results'],"[""results""]",False,PMC3070271,47,['results'],"[""results""]",results,False
47,['results'],"[""results""]",False,PMC3070271,48,['results'],"[""results""]",results,False
48,['results'],"[""results""]",False,PMC3070271,49,['results'],"[""results""]",results,False
49,['results'],"[""results""]",False,PMC3070271,50,['results'],"[""results""]",results,False
50,['results'],"[""results""]",False,PMC3070271,51,['results'],"[""results""]",results,False
51,['results'],"[""results""]",False,PMC3070271,52,['results'],"[""results""]",results,False
52,['results'],"[""results""]",False,PMC3070271,53,['results'],"[""results""]",results,False
53,['results'],"[""results""]",False,PMC3070271,54,['results'],"[""results""]",results,False
54,['results'],"[""results""]",False,PMC3070271,55,['results'],"[""results""]",results,False
55,['results'],"[""results""]",False,PMC3070271,56,['results'],"[""results""]",results,False
56,['results'],"[""results""]",False,PMC3070271,57,['results'],"[""results""]",results,False
57,['results'],"[""results""]",False,PMC3070271,58,['results'],"[""results""]",results,False
58,['results'],"[""results""]",False,PMC3070271,59,['results'],"[""results""]",results,False
59,['results'],"[""results""]",False,PMC3070271,60,['results'],"[""results""]",results,False
60,['results'],"[""results""]",False,PMC3070271,61,['results'],"[""results""]",results,False
61,['results'],"[""results""]",False,PMC3070271,62,['results'],"[""results""]",results,False
62,['results'],"[""results""]",False,PMC3070271,63,['results'],"[""results""]",results,False
63,['results'],"[""results""]",False,PMC3070271,64,['results'],"[""results""]",results,False
64,['results'],"[""results""]",False,PMC3070271,65,['results'],"[""results""]",results,False
65,['results'],"[""results""]",False,PMC3070271,66,['results'],"[""results""]",results,False
66,['results'],"[""results""]",False,PMC3070271,67,['results'],"[""results""]",results,False
67,['results'],"[""results""]",False,PMC3070271,68,['results'],"[""results""]",results,False
68,['results'],"[""results""]",False,PMC3070271,69,['results'],"[""results""]",results,False
69,['results'],"[""results""]",False,PMC3070271,70,['results'],"[""results""]",results,False
70,['results'],"[""results""]",False,PMC3070271,71,['results'],"[""results""]",results,False
71,['results'],"[""results""]",False,PMC3070271,72,['results'],"[""results""]",results,False
72,['results'],"[""results""]",False,PMC3070271,73,['results'],"[""results""]",results,False
73,['results'],"[""results""]",False,PMC3070271,74,['results'],"[""results""]",results,False
74,['results'],"[""results""]",False,PMC3070271,75,['results'],"[""results""]",results,False
75,['results'],"[""results""]",False,PMC3070271,76,['results'],"[""results""]",results,False
76,['results'],"[""results""]",False,PMC3070271,77,['results'],"[""results""]",results,False
77,['results'],"[""results""]",False,PMC3070271,78,['results'],"[""results""]",results,False
78,['results'],"[""results""]",False,PMC3070271,79,['results'],"[""results""]",results,False
79,['discussion'],"[""discussion""]",False,PMC3070271,80,['discussion'],"[""discussion""]",discussion,False
80,['discussion'],"[""discussion""]",False,PMC3070271,81,['discussion'],"[""discussion""]",discussion,False
81,['discussion'],"[""discussion""]",False,PMC3070271,82,['discussion'],"[""discussion""]",discussion,False
82,['discussion'],"[""discussion""]",False,PMC3070271,83,['discussion'],"[""discussion""]",discussion,False
83,['discussion'],"[""discussion""]",False,PMC3070271,84,['discussion'],"[""discussion""]",discussion,False
84,['discussion'],"[""discussion""]",False,PMC3070271,85,['discussion'],"[""discussion""]",discussion,False
85,['discussion'],"[""discussion""]",False,PMC3070271,86,['discussion'],"[""discussion""]",discussion,False
86,['other_information'],"[""other_information""]",False,PMC3070271,87,['other_information'],"[""other_information""]",other_information,False
87,['other_information'],"[""other_information""]",False,PMC3070271,88,['other_information'],"[""other_information""]",other_information,False
88,['other_information'],"[""other_information""]",False,PMC3070271,89,['other_information'],"[""other_information""]",other_information,False
89,['other_information'],"[""other_information""]",False,PMC3070271,90,['other_information'],"[""other_information""]",other_information,False
90,['other_information'],"[""other_information""]",False,PMC3070271,91,['other_information'],"[""other_information""]",other_information,False
91,['other_information'],"[""other_information""]",False,PMC3070271,92,['other_information'],"[""other_information""]",other_information,False
92,['other_information'],"[""other_information""]",False,PMC3070271,93,['other_information'],"[""other_information""]",other_information,False
0,['title_abstract'],"[""title_abstract""]",False,PMC3076731,1,['title_abstract'],"[""title_abstract""]",title_abstract,False
1,['title_abstract'],"[""title_abstract""]",False,PMC3076731,2,['title_abstract'],"[""title_abstract""]",title_abstract,False
2,['title_abstract'],"[""title_abstract""]",False,PMC3076731,3,['title_abstract'],"[""title_abstract""]",title_abstract,False
3,['title_abstract'],"[""title_abstract""]",False,PMC3076731,4,"['introduction', 'title_abstract']","[""introduction"", ""title_abstract""]",title_abstract,False
4,['title_abstract'],"[""title_abstract""]",False,PMC3076731,5,['title_abstract'],"[""title_abstract""]",title_abstract,False
5,['title_abstract'],"[""title_abstract""]",False,PMC3076731,6,['title_abstract'],"[""title_abstract""]",title_abstract,False
6,['title_abstract'],"[""title_abstract""]",False,PMC3076731,7,['title_abstract'],"[""title_abstract""]",title_abstract,False
7,['title_abstract'],"[""title_abstract""]",False,PMC3076731,8,['title_abstract'],"[""title_abstract""]",title_abstract,False
8,['title_abstract'],"[""title_abstract""]",False,PMC3076731,9,['title_abstract'],"[""title_abstract""]",title_abstract,False
9,['title_abstract'],"[""title_abstract""]",False,PMC3076731,10,['title_abstract'],"[""title_abstract""]",title_abstract,False
10,['title_abstract'],"[""title_abstract""]",False,PMC3076731,11,['title_abstract'],"[""title_abstract""]",title_abstract,False
11,['title_abstract'],"[""title_abstract""]",False,PMC3076731,12,['other_information'],"[""other_information""]",title_abstract,False
12,['introduction'],"[""introduction""]",False,PMC3076731,13,['introduction'],"[""introduction""]",introduction,False
13,['introduction'],"[""introduction""]",False,PMC3076731,14,['introduction'],"[""introduction""]",introduction,False
14,['introduction'],"[""introduction""]",False,PMC3076731,15,['introduction'],"[""introduction""]",introduction,False
15,['introduction'],"[""introduction""]",False,PMC3076731,16,['introduction'],"[""introduction""]",introduction,False
16,['methods'],"[""methods""]",False,PMC3076731,17,['methods'],"[""methods""]",methods,False
17,['methods'],"[""methods""]",False,PMC3076731,18,['methods'],"[""methods""]",methods,False
18,['methods'],"[""methods""]",False,PMC3076731,19,['methods'],"[""methods""]",methods,False
19,['methods'],"[""methods""]",False,PMC3076731,20,['methods'],"[""methods""]",methods,False
20,['methods'],"[""methods""]",False,PMC3076731,21,['methods'],"[""methods""]",methods,False
21,['results'],"[""results""]",False,PMC3076731,22,['methods'],"[""methods""]",methods,False
22,['methods'],"[""methods""]",False,PMC3076731,23,['methods'],"[""methods""]",methods,False
23,['methods'],"[""methods""]",False,PMC3076731,24,['methods'],"[""methods""]",methods,False
24,['methods'],"[""methods""]",False,PMC3076731,25,['methods'],"[""methods""]",methods,False
25,['methods'],"[""methods""]",False,PMC3076731,26,['methods'],"[""methods""]",methods,False
26,['methods'],"[""methods""]",False,PMC3076731,27,['methods'],"[""methods""]",methods,False
27,['methods'],"[""methods""]",False,PMC3076731,28,['methods'],"[""methods""]",methods,False
28,['methods'],"[""methods""]",False,PMC3076731,29,['methods'],"[""methods""]",methods,False
29,['methods'],"[""methods""]",False,PMC3076731,30,['methods'],"[""methods""]",methods,False
30,['methods'],"[""methods""]",False,PMC3076731,31,['methods'],"[""methods""]",methods,False
31,['methods'],"[""methods""]",False,PMC3076731,32,['methods'],"[""methods""]",methods,False
32,['methods'],"[""methods""]",False,PMC3076731,33,['methods'],"[""methods""]",methods,False
33,['methods'],"[""methods""]",False,PMC3076731,34,['methods'],"[""methods""]",methods,False
34,['methods'],"[""methods""]",False,PMC3076731,35,['methods'],"[""methods""]",methods,False
35,['methods'],"[""methods""]",False,PMC3076731,36,['methods'],"[""methods""]",methods,False
36,['methods'],"[""methods""]",False,PMC3076731,37,['methods'],"[""methods""]",methods,False
37,['methods'],"[""methods""]",False,PMC3076731,38,['methods'],"[""methods""]",methods,False
38,['results'],"[""results""]",False,PMC3076731,39,['results'],"[""results""]",results,False
39,['results'],"[""results""]",False,PMC3076731,40,['results'],"[""results""]",results,False
40,['results'],"[""results""]",False,PMC3076731,41,['results'],"[""results""]",results,False
41,['results'],"[""results""]",False,PMC3076731,42,['results'],"[""results""]",results,False
42,['results'],"[""results""]",False,PMC3076731,43,['results'],"[""results""]",results,False
43,['results'],"[""results""]",False,PMC3076731,44,['results'],"[""results""]",results,False
44,['results'],"[""results""]",False,PMC3076731,45,['results'],"[""results""]",results,False
45,['results'],"[""results""]",False,PMC3076731,46,['results'],"[""results""]",results,False
46,['results'],"[""results""]",False,PMC3076731,47,['results'],"[""results""]",results,False
47,['results'],"[""results""]",False,PMC3076731,48,['results'],"[""results""]",results,False
48,['results'],"[""results""]",False,PMC3076731,49,['results'],"[""results""]",results,False
49,['results'],"[""results""]",False,PMC3076731,50,['results'],"[""results""]",results,False
50,['results'],"[""results""]",False,PMC3076731,51,['results'],"[""results""]",results,False
51,['results'],"[""results""]",False,PMC3076731,52,['results'],"[""results""]",results,False
52,['results'],"[""results""]",False,PMC3076731,53,['results'],"[""results""]",results,False
53,['results'],"[""results""]",False,PMC3076731,54,['results'],"[""results""]",results,False
54,['results'],"[""results""]",False,PMC3076731,55,['results'],"[""results""]",results,False
55,['results'],"[""results""]",False,PMC3076731,56,['results'],"[""results""]",results,False
56,['results'],"[""results""]",False,PMC3076731,57,['results'],"[""results""]",results,False
57,['discussion'],"[""discussion""]",False,PMC3076731,58,['discussion'],"[""discussion""]",discussion,False
58,['discussion'],"[""discussion""]",False,PMC3076731,59,['discussion'],"[""discussion""]",discussion,False
59,['discussion'],"[""discussion""]",False,PMC3076731,60,['discussion'],"[""discussion""]",discussion,False
60,['discussion'],"[""discussion""]",False,PMC3076731,61,['discussion'],"[""discussion""]",discussion,False
61,['discussion'],"[""discussion""]",False,PMC3076731,62,['discussion'],"[""discussion""]",discussion,False
62,['discussion'],"[""discussion""]",False,PMC3076731,63,['discussion'],"[""discussion""]",discussion,False
63,['discussion'],"[""discussion""]",False,PMC3076731,64,['discussion'],"[""discussion""]",discussion,False
64,['discussion'],"[""discussion""]",False,PMC3076731,65,['discussion'],"[""discussion""]",discussion,False
65,['discussion'],"[""discussion""]",False,PMC3076731,66,['discussion'],"[""discussion""]",discussion,False
66,['discussion'],"[""discussion""]",False,PMC3076731,67,['discussion'],"[""discussion""]",discussion,False
67,['discussion'],"[""discussion""]",False,PMC3076731,68,['discussion'],"[""discussion""]",discussion,False
68,['discussion'],"[""discussion""]",False,PMC3076731,69,['discussion'],"[""discussion""]",discussion,False
69,['discussion'],"[""discussion""]",False,PMC3076731,70,['discussion'],"[""discussion""]",discussion,False
70,['discussion'],"[""discussion""]",False,PMC3076731,71,['discussion'],"[""discussion""]",discussion,False
71,['discussion'],"[""discussion""]",False,PMC3076731,72,['discussion'],"[""discussion""]",discussion,False
72,['discussion'],"[""discussion""]",False,PMC3076731,73,['discussion'],"[""discussion""]",discussion,False
73,['other_information'],"[""other_information""]",False,PMC3076731,74,['discussion'],"[""discussion""]",discussion,False
74,['other_information'],"[""other_information""]",False,PMC3076731,75,['discussion'],"[""discussion""]",discussion,False
75,['other_information'],"[""other_information""]",False,PMC3076731,76,['discussion'],"[""discussion""]",discussion,False
76,['other_information'],"[""other_information""]",False,PMC3076731,77,['discussion'],"[""discussion""]",discussion,False
77,['other_information'],"[""other_information""]",False,PMC3076731,78,['discussion'],"[""discussion""]",discussion,False
78,['other_information'],"[""other_information""]",False,PMC3076731,79,['discussion'],"[""discussion""]",discussion,False
79,['other_information'],"[""other_information""]",False,PMC3076731,80,['discussion'],"[""discussion""]",discussion,False
80,['other_information'],"[""other_information""]",False,PMC3076731,81,['other_information'],"[""other_information""]",other_information,False
81,['other_information'],"[""other_information""]",False,PMC3076731,82,['other_information'],"[""other_information""]",other_information,False
82,['other_information'],"[""other_information""]",False,PMC3076731,83,['other_information'],"[""other_information""]",other_information,False
83,['other_information'],"[""other_information""]",False,PMC3076731,84,['other_information'],"[""other_information""]",other_information,False
84,['other_information'],"[""other_information""]",False,PMC3076731,85,['other_information'],"[""other_information""]",other_information,False
85,['other_information'],"[""other_information""]",False,PMC3076731,86,['other_information'],"[""other_information""]",other_information,False
86,['other_information'],"[""other_information""]",False,PMC3076731,87,['other_information'],"[""other_information""]",other_information,False
87,['other_information'],"[""other_information""]",False,PMC3076731,88,['other_information'],"[""other_information""]",other_information,False
88,['other_information'],"[""other_information""]",False,PMC3076731,89,['other_information'],"[""other_information""]",other_information,False
89,['other_information'],"[""other_information""]",False,PMC3076731,90,['other_information'],"[""other_information""]",other_information,False
90,['other_information'],"[""other_information""]",False,PMC3076731,91,['other_information'],"[""other_information""]",other_information,False
91,['other_information'],"[""other_information""]",False,PMC3076731,92,['other_information'],"[""other_information""]",other_information,False
92,['other_information'],"[""other_information""]",False,PMC3076731,93,['other_information'],"[""other_information""]",other_information,False
0,['title_abstract'],"[""title_abstract""]",False,PMC3103669,1,['title_abstract'],"[""title_abstract""]",title_abstract,False
1,['title_abstract'],"[""title_abstract""]",False,PMC3103669,2,['title_abstract'],"[""title_abstract""]",title_abstract,False
2,['title_abstract'],"[""title_abstract""]",False,PMC3103669,3,['title_abstract'],"[""title_abstract""]",title_abstract,False
3,['title_abstract'],"[""title_abstract""]",False,PMC3103669,4,['title_abstract'],"[""title_abstract""]",title_abstract,False
4,['title_abstract'],"[""title_abstract""]",False,PMC3103669,5,['title_abstract'],"[""title_abstract""]",title_abstract,False
5,['title_abstract'],"[""title_abstract""]",False,PMC3103669,6,['title_abstract'],"[""title_abstract""]",title_abstract,False
6,['title_abstract'],"[""title_abstract""]",False,PMC3103669,7,['title_abstract'],"[""title_abstract""]",title_abstract,False
7,['title_abstract'],"[""title_abstract""]",False,PMC3103669,8,['title_abstract'],"[""title_abstract""]",title_abstract,False
8,['title_abstract'],"[""title_abstract""]",False,PMC3103669,9,['title_abstract'],"[""title_abstract""]",title_abstract,False
9,['title_abstract'],"[""title_abstract""]",False,PMC3103669,10,['title_abstract'],"[""title_abstract""]",title_abstract,False
10,['title_abstract'],"[""title_abstract""]",False,PMC3103669,11,['title_abstract'],"[""title_abstract""]",title_abstract,False
11,['introduction'],"[""introduction""]",False,PMC3103669,12,['introduction'],"[""introduction""]",introduction,False
12,['introduction'],"[""introduction""]",False,PMC3103669,13,['introduction'],"[""introduction""]",introduction,False
13,['introduction'],"[""introduction""]",False,PMC3103669,14,['introduction'],"[""introduction""]",introduction,False
14,['introduction'],"[""introduction""]",False,PMC3103669,15,['introduction'],"[""introduction""]",introduction,False
15,['introduction'],"[""introduction""]",False,PMC3103669,16,['introduction'],"[""introduction""]",introduction,False
16,['methods'],"[""methods""]",False,PMC3103669,17,['methods'],"[""methods""]",methods,False
17,['methods'],"[""methods""]",False,PMC3103669,18,['methods'],"[""methods""]",methods,False
18,['methods'],"[""methods""]",False,PMC3103669,19,"['methods', 'other_information']","[""methods"", ""other_information""]",methods,False
19,['methods'],"[""methods""]",False,PMC3103669,20,"['methods', 'results']","[""methods"", ""results""]",methods,False
20,['methods'],"[""methods""]",False,PMC3103669,21,['methods'],"[""methods""]",methods,False
21,['methods'],"[""methods""]",False,PMC3103669,22,['methods'],"[""methods""]",methods,False
22,['methods'],"[""methods""]",False,PMC3103669,23,['methods'],"[""methods""]",methods,False
23,['methods'],"[""methods""]",False,PMC3103669,24,['methods'],"[""methods""]",methods,False
24,['methods'],"[""methods""]",False,PMC3103669,25,['methods'],"[""methods""]",methods,False
25,['methods'],"[""methods""]",False,PMC3103669,26,['methods'],"[""methods""]",methods,False
26,['methods'],"[""methods""]",False,PMC3103669,27,['methods'],"[""methods""]",methods,False
27,['methods'],"[""methods""]",False,PMC3103669,28,['methods'],"[""methods""]",methods,False
28,['methods'],"[""methods""]",False,PMC3103669,29,['methods'],"[""methods""]",methods,False
29,['methods'],"[""methods""]",False,PMC3103669,30,['methods'],"[""methods""]",methods,False
30,['methods'],"[""methods""]",False,PMC3103669,31,['methods'],"[""methods""]",methods,False
31,['methods'],"[""methods""]",False,PMC3103669,32,['methods'],"[""methods""]",methods,False
32,['methods'],"[""methods""]",False,PMC3103669,33,['methods'],"[""methods""]",methods,False
33,['results'],"[""results""]",False,PMC3103669,34,['results'],"[""results""]",results,False
34,['results'],"[""results""]",False,PMC3103669,35,['results'],"[""results""]",results,False
35,['results'],"[""results""]",False,PMC3103669,36,['results'],"[""results""]",results,False
36,['results'],"[""results""]",False,PMC3103669,37,"['methods', 'results']","[""methods"", ""results""]",results,False
37,['results'],"[""results""]",False,PMC3103669,38,['results'],"[""results""]",results,False
38,['results'],"[""results""]",False,PMC3103669,39,['results'],"[""results""]",results,False
39,['results'],"[""results""]",False,PMC3103669,40,['results'],"[""results""]",results,False
40,['results'],"[""results""]",False,PMC3103669,41,['results'],"[""results""]",results,False
41,['results'],"[""results""]",False,PMC3103669,42,['results'],"[""results""]",results,False
42,['results'],"[""results""]",False,PMC3103669,43,['results'],"[""results""]",results,False
43,['results'],"[""results""]",False,PMC3103669,44,['results'],"[""results""]",results,False
44,['results'],"[""results""]",False,PMC3103669,45,['results'],"[""results""]",results,False
45,['results'],"[""results""]",False,PMC3103669,46,['results'],"[""results""]",results,False
46,['results'],"[""results""]",False,PMC3103669,47,['results'],"[""results""]",results,False
47,['results'],"[""results""]",False,PMC3103669,48,['results'],"[""results""]",results,False
48,['results'],"[""results""]",False,PMC3103669,49,['results'],"[""results""]",results,False
49,['results'],"[""results""]",False,PMC3103669,50,['results'],"[""results""]",results,False
50,['results'],"[""results""]",False,PMC3103669,51,['results'],"[""results""]",results,False
51,['results'],"[""results""]",False,PMC3103669,52,['results'],"[""results""]",results,False
52,['results'],"[""results""]",False,PMC3103669,53,['results'],"[""results""]",results,False
53,['results'],"[""results""]",False,PMC3103669,54,['results'],"[""results""]",results,False
54,['discussion'],"[""discussion""]",False,PMC3103669,55,['discussion'],"[""discussion""]",discussion,False
55,['discussion'],"[""discussion""]",False,PMC3103669,56,['discussion'],"[""discussion""]",discussion,False
56,['discussion'],"[""discussion""]",False,PMC3103669,57,['discussion'],"[""discussion""]",discussion,False
57,['discussion'],"[""discussion""]",False,PMC3103669,58,['discussion'],"[""discussion""]",discussion,False
58,['discussion'],"[""discussion""]",False,PMC3103669,59,['discussion'],"[""discussion""]",discussion,False
59,['discussion'],"[""discussion""]",False,PMC3103669,60,['discussion'],"[""discussion""]",discussion,False
60,['discussion'],"[""discussion""]",False,PMC3103669,61,['discussion'],"[""discussion""]",discussion,False
61,['discussion'],"[""discussion""]",False,PMC3103669,62,['discussion'],"[""discussion""]",discussion,False
62,['discussion'],"[""discussion""]",False,PMC3103669,63,['discussion'],"[""discussion""]",discussion,False
63,['other_information'],"[""other_information""]",False,PMC3103669,64,['other_information'],"[""other_information""]",other_information,False
64,['other_information'],"[""other_information""]",False,PMC3103669,65,['other_information'],"[""other_information""]",other_information,False
65,['other_information'],"[""other_information""]",False,PMC3103669,66,['other_information'],"[""other_information""]",other_information,False
66,['other_information'],"[""other_information""]",False,PMC3103669,67,['other_information'],"[""other_information""]",other_information,False
67,['other_information'],"[""other_information""]",False,PMC3103669,68,['other_information'],"[""other_information""]",other_information,False
68,['other_information'],"[""other_information""]",False,PMC3103669,69,['other_information'],"[""other_information""]",other_information,False
0,['title_abstract'],"[""title_abstract""]",False,PMC3109952,1,['title_abstract'],"[""title_abstract""]",title_abstract,False
1,['title_abstract'],"[""title_abstract""]",False,PMC3109952,2,['title_abstract'],"[""title_abstract""]",title_abstract,False
2,['title_abstract'],"[""title_abstract""]",False,PMC3109952,3,['title_abstract'],"[""title_abstract""]",title_abstract,False
3,['title_abstract'],"[""title_abstract""]",False,PMC3109952,4,['title_abstract'],"[""title_abstract""]",title_abstract,False
4,['title_abstract'],"[""title_abstract""]",False,PMC3109952,5,['title_abstract'],"[""title_abstract""]",title_abstract,False
5,['title_abstract'],"[""title_abstract""]",False,PMC3109952,6,['title_abstract'],"[""title_abstract""]",title_abstract,False
6,['title_abstract'],"[""title_abstract""]",False,PMC3109952,7,['title_abstract'],"[""title_abstract""]",title_abstract,False
7,['title_abstract'],"[""title_abstract""]",False,PMC3109952,8,['title_abstract'],"[""title_abstract""]",title_abstract,False
8,['title_abstract'],"[""title_abstract""]",False,PMC3109952,9,['title_abstract'],"[""title_abstract""]",title_abstract,False
9,['title_abstract'],"[""title_abstract""]",False,PMC3109952,10,['title_abstract'],"[""title_abstract""]",title_abstract,False
10,['title_abstract'],"[""title_abstract""]",False,PMC3109952,11,['title_abstract'],"[""title_abstract""]",title_abstract,False
11,['other_information'],"[""other_information""]",False,PMC3109952,12,['other_information'],"[""other_information""]",title_abstract,False
12,['introduction'],"[""introduction""]",False,PMC3109952,13,['introduction'],"[""introduction""]",introduction,False
13,['introduction'],"[""introduction""]",False,PMC3109952,14,['introduction'],"[""introduction""]",introduction,False
14,['introduction'],"[""introduction""]",False,PMC3109952,15,['introduction'],"[""introduction""]",introduction,False
15,['introduction'],"[""introduction""]",False,PMC3109952,16,['introduction'],"[""introduction""]",introduction,False
16,['methods'],"[""methods""]",False,PMC3109952,17,['methods'],"[""methods""]",methods,False
17,['methods'],"[""methods""]",False,PMC3109952,18,['methods'],"[""methods""]",methods,False
18,['methods'],"[""methods""]",False,PMC3109952,19,['methods'],"[""methods""]",methods,False
19,['methods'],"[""methods""]",False,PMC3109952,20,['methods'],"[""methods""]",methods,False
20,['methods'],"[""methods""]",False,PMC3109952,21,['methods'],"[""methods""]",methods,False
21,['methods'],"[""methods""]",False,PMC3109952,22,['methods'],"[""methods""]",methods,False
22,['methods'],"[""methods""]",False,PMC3109952,23,['methods'],"[""methods""]",methods,False
23,['methods'],"[""methods""]",False,PMC3109952,24,['methods'],"[""methods""]",methods,False
24,['methods'],"[""methods""]",False,PMC3109952,25,['methods'],"[""methods""]",methods,False
25,['methods'],"[""methods""]",False,PMC3109952,26,['methods'],"[""methods""]",methods,False
26,['methods'],"[""methods""]",False,PMC3109952,27,['methods'],"[""methods""]",methods,False
27,['methods'],"[""methods""]",False,PMC3109952,28,['methods'],"[""methods""]",methods,False
28,['methods'],"[""methods""]",False,PMC3109952,29,['methods'],"[""methods""]",methods,False
29,['methods'],"[""methods""]",False,PMC3109952,30,['methods'],"[""methods""]",methods,False
30,['methods'],"[""methods""]",False,PMC3109952,31,['methods'],"[""methods""]",methods,False
31,['methods'],"[""methods""]",False,PMC3109952,32,['methods'],"[""methods""]",methods,False
32,['methods'],"[""methods""]",False,PMC3109952,33,['methods'],"[""methods""]",methods,False
33,['methods'],"[""methods""]",False,PMC3109952,34,['methods'],"[""methods""]",methods,False
34,['methods'],"[""methods""]",False,PMC3109952,35,['methods'],"[""methods""]",methods,False
35,['methods'],"[""methods""]",False,PMC3109952,36,['methods'],"[""methods""]",methods,False
36,['methods'],"[""methods""]",False,PMC3109952,37,['methods'],"[""methods""]",methods,False
37,['methods'],"[""methods""]",False,PMC3109952,38,['methods'],"[""methods""]",methods,False
38,['methods'],"[""methods""]",False,PMC3109952,39,['methods'],"[""methods""]",methods,False
39,['methods'],"[""methods""]",False,PMC3109952,40,['methods'],"[""methods""]",methods,False
40,['methods'],"[""methods""]",False,PMC3109952,41,['methods'],"[""methods""]",methods,False
41,['methods'],"[""methods""]",False,PMC3109952,42,['methods'],"[""methods""]",methods,False
42,['methods'],"[""methods""]",False,PMC3109952,43,['methods'],"[""methods""]",methods,False
43,['results'],"[""results""]",False,PMC3109952,44,['results'],"[""results""]",results,False
44,['results'],"[""results""]",False,PMC3109952,45,['results'],"[""results""]",results,False
45,['results'],"[""results""]",False,PMC3109952,46,['results'],"[""results""]",results,False
46,['results'],"[""results""]",False,PMC3109952,47,['results'],"[""results""]",results,False
47,['results'],"[""results""]",False,PMC3109952,48,['results'],"[""results""]",results,False
48,['results'],"[""results""]",False,PMC3109952,49,['results'],"[""results""]",results,False
49,['results'],"[""results""]",False,PMC3109952,50,['results'],"[""results""]",results,False
50,['results'],"[""results""]",False,PMC3109952,51,['results'],"[""results""]",results,False
51,['results'],"[""results""]",False,PMC3109952,52,['results'],"[""results""]",results,False
52,['results'],"[""results""]",False,PMC3109952,53,['results'],"[""results""]",results,False
53,['results'],"[""results""]",False,PMC3109952,54,['results'],"[""results""]",results,False
54,['results'],"[""results""]",False,PMC3109952,55,['results'],"[""results""]",results,False
55,['results'],"[""results""]",False,PMC3109952,56,['results'],"[""results""]",results,False
56,['results'],"[""results""]",False,PMC3109952,57,['results'],"[""results""]",results,False
57,['results'],"[""results""]",False,PMC3109952,58,['results'],"[""results""]",results,False
58,['results'],"[""results""]",False,PMC3109952,59,['results'],"[""results""]",results,False
59,['results'],"[""results""]",False,PMC3109952,60,['results'],"[""results""]",results,False
60,['results'],"[""results""]",False,PMC3109952,61,['results'],"[""results""]",results,False
61,['results'],"[""results""]",False,PMC3109952,62,['results'],"[""results""]",results,False
62,['results'],"[""results""]",False,PMC3109952,63,['results'],"[""results""]",results,False
63,['results'],"[""results""]",False,PMC3109952,64,['results'],"[""results""]",results,False
64,['results'],"[""results""]",False,PMC3109952,65,['results'],"[""results""]",results,False
65,['discussion'],"[""discussion""]",False,PMC3109952,66,['discussion'],"[""discussion""]",discussion,False
66,['discussion'],"[""discussion""]",False,PMC3109952,67,['discussion'],"[""discussion""]",discussion,False
67,['discussion'],"[""discussion""]",False,PMC3109952,68,['discussion'],"[""discussion""]",discussion,False
68,['discussion'],"[""discussion""]",False,PMC3109952,69,['discussion'],"[""discussion""]",discussion,False
69,['discussion'],"[""discussion""]",False,PMC3109952,70,['discussion'],"[""discussion""]",discussion,False
70,['discussion'],"[""discussion""]",False,PMC3109952,71,['discussion'],"[""discussion""]",discussion,False
71,['discussion'],"[""discussion""]",False,PMC3109952,72,['discussion'],"[""discussion""]",discussion,False
72,['discussion'],"[""discussion""]",False,PMC3109952,73,['discussion'],"[""discussion""]",discussion,False
73,['discussion'],"[""discussion""]",False,PMC3109952,74,['discussion'],"[""discussion""]",discussion,False
74,['discussion'],"[""discussion""]",False,PMC3109952,75,['discussion'],"[""discussion""]",discussion,False
75,['discussion'],"[""discussion""]",False,PMC3109952,76,['discussion'],"[""discussion""]",discussion,False
76,['discussion'],"[""discussion""]",False,PMC3109952,77,['discussion'],"[""discussion""]",discussion,False
77,['discussion'],"[""discussion""]",False,PMC3109952,78,['discussion'],"[""discussion""]",discussion,False
78,['discussion'],"[""discussion""]",False,PMC3109952,79,['discussion'],"[""discussion""]",discussion,False
79,['discussion'],"[""discussion""]",False,PMC3109952,80,['discussion'],"[""discussion""]",discussion,False
80,['discussion'],"[""discussion""]",False,PMC3109952,81,['discussion'],"[""discussion""]",discussion,False
81,['discussion'],"[""discussion""]",False,PMC3109952,82,['discussion'],"[""discussion""]",discussion,False
82,['discussion'],"[""discussion""]",False,PMC3109952,83,['discussion'],"[""discussion""]",discussion,False
83,['discussion'],"[""discussion""]",False,PMC3109952,84,['discussion'],"[""discussion""]",discussion,False
84,['discussion'],"[""discussion""]",False,PMC3109952,85,['discussion'],"[""discussion""]",discussion,False
85,['other_information'],"[""other_information""]",False,PMC3109952,86,['other_information'],"[""other_information""]",other_information,False
86,['other_information'],"[""other_information""]",False,PMC3109952,87,['other_information'],"[""other_information""]",other_information,False
87,['other_information'],"[""other_information""]",False,PMC3109952,88,['other_information'],"[""other_information""]",other_information,False
88,['other_information'],"[""other_information""]",False,PMC3109952,89,['other_information'],"[""other_information""]",other_information,False
89,['other_information'],"[""other_information""]",False,PMC3109952,90,['other_information'],"[""other_information""]",other_information,False
90,['other_information'],"[""other_information""]",False,PMC3109952,91,['other_information'],"[""other_information""]",other_information,False
91,['other_information'],"[""other_information""]",False,PMC3109952,92,['other_information'],"[""other_information""]",other_information,False
92,['other_information'],"[""other_information""]",False,PMC3109952,93,['other_information'],"[""other_information""]",other_information,False
93,['other_information'],"[""other_information""]",False,PMC3109952,94,['other_information'],"[""other_information""]",other_information,False
